<annotation>
	<folder>images</folder>
	<filename>videoplayback4013.jpg</filename>
	<path>/Users/Vaibhav_Beohar/Documents/VB_Mck_Docs/MIDS/W251/w251_mids_summer_2020/wk08/MIDS_HW8/images/videoplayback4013.jpg</path>
	<source>
		<database>Unknown</database>
	</source>
	<size>
		<width>1000</width>
		<height>563</height>
		<depth>3</depth>
	</size>
	<segmented>0</segmented>
	<object>
		<name>Millennium Falcon</name>
		<pose>Unspecified</pose>
		<truncated>0</truncated>
		<difficult>0</difficult>
		<bndbox>
			<xmin>389</xmin>
			<ymin>243</ymin>
			<xmax>639</xmax>
			<ymax>404</ymax>
		</bndbox>
	</object>
	<object>
		<name>Tie Fighter</name>
		<pose>Unspecified</pose>
		<truncated>0</truncated>
		<difficult>0</difficult>
		<bndbox>
			<xmin>520</xmin>
			<ymin>368</ymin>
			<xmax>572</xmax>
			<ymax>421</ymax>
		</bndbox>
	</object>
	<object>
		<name>Tie Fighter</name>
		<pose>Unspecified</pose>
		<truncated>0</truncated>
		<difficult>0</difficult>
		<bndbox>
			<xmin>555</xmin>
			<ymin>353</ymin>
			<xmax>619</xmax>
			<ymax>444</ymax>
		</bndbox>
	</object>
</annotation>
