<annotation>
	<folder>images</folder>
	<filename>videoplayback4196.jpg</filename>
	<path>/Users/Vaibhav_Beohar/Documents/VB_Mck_Docs/MIDS/W251/w251_mids_summer_2020/wk08/MIDS_HW8/images/videoplayback4196.jpg</path>
	<source>
		<database>Unknown</database>
	</source>
	<size>
		<width>1000</width>
		<height>563</height>
		<depth>3</depth>
	</size>
	<segmented>0</segmented>
	<object>
		<name>Tie Fighter</name>
		<pose>Unspecified</pose>
		<truncated>0</truncated>
		<difficult>0</difficult>
		<bndbox>
			<xmin>518</xmin>
			<ymin>295</ymin>
			<xmax>710</xmax>
			<ymax>483</ymax>
		</bndbox>
	</object>
	<object>
		<name>Tie Fighter</name>
		<pose>Unspecified</pose>
		<truncated>0</truncated>
		<difficult>0</difficult>
		<bndbox>
			<xmin>589</xmin>
			<ymin>132</ymin>
			<xmax>648</xmax>
			<ymax>197</ymax>
		</bndbox>
	</object>
	<object>
		<name>Millennium Falcon</name>
		<pose>Unspecified</pose>
		<truncated>0</truncated>
		<difficult>0</difficult>
		<bndbox>
			<xmin>438</xmin>
			<ymin>132</ymin>
			<xmax>527</xmax>
			<ymax>230</ymax>
		</bndbox>
	</object>
</annotation>
