<annotation>
	<folder>images</folder>
	<filename>videoplayback4616.jpg</filename>
	<path>/Users/Vaibhav_Beohar/Documents/VB_Mck_Docs/MIDS/W251/w251_mids_summer_2020/wk08/MIDS_HW8/images/videoplayback4616.jpg</path>
	<source>
		<database>Unknown</database>
	</source>
	<size>
		<width>1000</width>
		<height>563</height>
		<depth>3</depth>
	</size>
	<segmented>0</segmented>
	<object>
		<name>Tie Fighter</name>
		<pose>Unspecified</pose>
		<truncated>0</truncated>
		<difficult>0</difficult>
		<bndbox>
			<xmin>398</xmin>
			<ymin>165</ymin>
			<xmax>524</xmax>
			<ymax>289</ymax>
		</bndbox>
	</object>
	<object>
		<name>Millennium Falcon</name>
		<pose>Unspecified</pose>
		<truncated>0</truncated>
		<difficult>0</difficult>
		<bndbox>
			<xmin>213</xmin>
			<ymin>196</ymin>
			<xmax>387</xmax>
			<ymax>267</ymax>
		</bndbox>
	</object>
</annotation>
