<annotation>
	<folder>images</folder>
	<filename>videoplayback6283.jpg</filename>
	<path>/Users/Vaibhav_Beohar/Documents/VB_Mck_Docs/MIDS/W251/w251_mids_summer_2020/wk08/MIDS_HW8/images/videoplayback6283.jpg</path>
	<source>
		<database>Unknown</database>
	</source>
	<size>
		<width>1000</width>
		<height>563</height>
		<depth>3</depth>
	</size>
	<segmented>0</segmented>
	<object>
		<name>Millennium Falcon</name>
		<pose>Unspecified</pose>
		<truncated>0</truncated>
		<difficult>0</difficult>
		<bndbox>
			<xmin>529</xmin>
			<ymin>271</ymin>
			<xmax>736</xmax>
			<ymax>476</ymax>
		</bndbox>
	</object>
	<object>
		<name>Tie Fighter</name>
		<pose>Unspecified</pose>
		<truncated>0</truncated>
		<difficult>0</difficult>
		<bndbox>
			<xmin>161</xmin>
			<ymin>203</ymin>
			<xmax>455</xmax>
			<ymax>417</ymax>
		</bndbox>
	</object>
</annotation>
