<annotation>
	<folder>images</folder>
	<filename>videoplayback1631.jpg</filename>
	<path>/Users/Vaibhav_Beohar/Documents/VB_Mck_Docs/MIDS/W251/w251_mids_summer_2020/wk08/MIDS_HW8/images/videoplayback1631.jpg</path>
	<source>
		<database>Unknown</database>
	</source>
	<size>
		<width>1000</width>
		<height>563</height>
		<depth>3</depth>
	</size>
	<segmented>0</segmented>
	<object>
		<name>Millennium Falcon</name>
		<pose>Unspecified</pose>
		<truncated>0</truncated>
		<difficult>0</difficult>
		<bndbox>
			<xmin>276</xmin>
			<ymin>289</ymin>
			<xmax>882</xmax>
			<ymax>465</ymax>
		</bndbox>
	</object>
	<object>
		<name>Tie Fighter</name>
		<pose>Unspecified</pose>
		<truncated>0</truncated>
		<difficult>0</difficult>
		<bndbox>
			<xmin>807</xmin>
			<ymin>254</ymin>
			<xmax>850</xmax>
			<ymax>294</ymax>
		</bndbox>
	</object>
	<object>
		<name>Tie Fighter</name>
		<pose>Unspecified</pose>
		<truncated>0</truncated>
		<difficult>0</difficult>
		<bndbox>
			<xmin>676</xmin>
			<ymin>258</ymin>
			<xmax>700</xmax>
			<ymax>284</ymax>
		</bndbox>
	</object>
</annotation>
